{"createURL":"https:\/\/checkout.pay.bka.sh\/v1.2.0-beta\/checkout\/payment\/create",
"executeURL":"https:\/\/checkout.pay.bka.sh\/v1.2.0-beta\/checkout\/payment\/execute\/",
"tokenURL":"https:\/\/checkout.pay.bka.sh\/v1.2.0-beta\/checkout\/token\/grant",
"script":"https:\/\/checkout.pay.bka.sh\/v1.2.0-beta\/checkout\/bKash-checkout-sandbox.js",
"app_key":"Your App key",
"proxy":"",
"app_secret":"Your secret Key",
"username":"Your Username",
"password":"Your Password",
"token":"Your Token"
}